id,status,for,venue,type,hd_wita,hd_note,verified,url,read_on,fee,mode,indexing,great,fit,notes
diakrisis-v9,listed,Edward,"Diakrisis (Babeș-Bolyai), Vol. 9",full article,2026-10-21 04:59,,carried,,2026-10-08,,,,,,from kit v0 ledger
widya-sasana-2026,listed,Edward,Widya Sasana International Conference (Malang),"abstract, then full paper",2026-10-27 00:59,,carried,,2026-10-08,,online,,,,from kit v0 ledger; two-stage
fesco-ufs,listed,Edward,"FESCO, University of the Free State",abstract,2026-10-31 05:59,time unverified,carried,,2026-10-08,,,,,,from kit v0 ledger
transforming-masculinities,listed,Edward,"Transforming Masculinities, Rifka Annisa (Yogyakarta)",abstract 200–300 words,2026-10-31 12:59,,carried,,2026-10-08,,,,,,from kit v0 ledger
landas,listed,Edward,"Landas (Loyola School of Theology, Ateneo)",full article,2026-11-01 23:59,,carried,,2026-10-08,,,,,,from kit v0 ledger
pistis-26-2,listed,Edward,Jurnal PISTIS Vol. 26 No. 2,article,2026-10-31,unconfirmed,carried,,2026-10-08,,,,,,from kit v0 ledger
common-ground-grenoble,listed,Edward,"Religion & Spirituality in Society (Common Ground), Grenoble",Emerging Scholar Award (early HD),2026-11-11 06:59,,carried,,2026-10-08,,,,,,from kit v0 ledger
jcps-wp,listed,Edward,Journal of Critical Peace Studies,working paper or proposal,2026-12-01,,carried,,2026-10-08,,,,,,from kit v0 ledger
mtn-oxford,listed,Edward,"Mystical Theology Network, Oxford",proposal ≤350 words,2027-02-01 07:59,,carried,,2026-10-08,,,,,,from kit v0 ledger
ear-2027,listed,Edward,"European Academy of Religion 2027, Münster",paper proposal,2027-02-22 06:59,,carried,,2026-10-08,,,,,,from kit v0 ledger
ijpt-democracy,listed,Edward,International Journal of Public Theology,"special issue ""Democracy Under Attack""",2027-06-30,unverified,carried,,2026-10-08,,,,,,from kit v0 ledger
ajt-rolling,listed,Edward,Asia Journal of Theology,article,,rolling,carried,,2026-10-08,,,,,,from kit v0 ledger
jcrt-reviews,listed,Edward,JCRT,book reviews,,rolling,carried,,2026-10-08,,,,,,from kit v0 ledger
life-and-death,listed,Edward,Life and Death: Journal of Eschatology,article,,rolling,carried,,2026-10-08,,,,,,from kit v0 ledger
oxford-patristics-2027,listed,Edward,Oxford Patristics 2027,paper,,rolling,carried,,2026-10-08,,,,,,from kit v0 ledger
toronto-por-2027,handled,both,Toronto Philosophy of Religion Working Group 2027,abstract ≤300 words,2026-10-14 11:59,two submissions (A and B),carried,https://philevents.org/event/show/153113,2026-10-08,,online,,,,do not propose
helsinki-at-2027,handled,Edward,Helsinki Analytic Theology Workshop 2027,,,,carried,,2026-10-08,,,,,,do not propose
jrat,handled,Edward,JRAT,,,,carried,,2026-10-08,,,,,,do not propose
bloomsbury-ape,handled,Edward,Bloomsbury Handbook of Analytic Philosophy of Education,,,,carried,,2026-10-08,,,,,,do not propose
aesop-memory,handled,Edward,AESOP Memory Studies,,,,carried,,2026-10-08,,,,,,do not propose
bjre,handled,Edward,BJRE,,,,carried,,2026-10-08,,,,,,do not propose
riim-brin,handled,Edward,RIIM-BRIN,,,,carried,,2026-10-08,,,,,,do not propose
peacebuilders-bftw,handled,Edward,The Peacebuilders (Bread for the World),,,,carried,,2026-10-08,,,,,,do not propose
wcc-2027-omsc,dropped,Edward,World Christianity Conference 2027 (OMSC/Princeton),,,,carried,,2026-10-08,,,,,,dropped: full registration fee
sophere-2026,dropped,Edward,SOPHERE Online 2026,,,,carried,,2026-10-08,,,,,,dropped: paid membership required
ijr,dropped,Edward,Indonesian Journal of Religious (IJR),,,,carried,,2026-10-08,,,,,,dropped: deadline passed
gsr-3,dropped,Edward,Global South Rising III,,,,carried,,2026-10-08,,,,,,dropped: deadline passed
cca-training,dropped,Edward,CCA Training,,,,carried,,2026-10-08,,,,,,dropped by Edward
pt-power-common-good,dropped,Edward,"Practical Theology ""Power & the Common Good"" special issue",,,,carried,,2026-10-08,,,,,,dropped: not found
jbv-si,dropped,Edward,Journal of Beliefs & Values special issue,,,,carried,,2026-10-08,,,,,,dropped: not found
spr-2027,dropped,Edward,"Society for Philosophy of Religion 2027 (Vanderbilt, Nashville)",paper,2026-10-04,search snippet only,LEAD,https://philevents.org/event/show/151605,2026-10-08,,in person,,,,dropped: deadline passed (4 Oct 2026); in person
